movie,Url
Journey to the Christmas Star,https://www.1tamilmv.cloud/index.php?/forums/topic/163566-0
Salyut-7,https://www.1tamilmv.cloud/index.php?/forums/topic/163489-0
Jurassic World Dominion,https://www.1tamilmv.cloud/index.php?/forums/topic/163494-0
Interceptor,https://www.1tamilmv.cloud/index.php?/forums/topic/163459-0
9 Hours,https://www.1tamilmv.cloud/index.php?/forums/topic/163416-0
Fantastic Beasts 3: The Secrets of Dumbledore,https://www.1tamilmv.cloud/index.php?/forums/topic/163278-0
Kanaa Kaanum Kaalangal,https://www.1tamilmv.cloud/index.php?/forums/topic/163310-0
The Legend,https://www.1tamilmv.cloud/index.php?/forums/topic/163322-0
Bugs,https://www.1tamilmv.cloud/index.php?/forums/topic/163191-0
Obi-Wan Kenobi,https://www.1tamilmv.cloud/index.php?/forums/topic/163062-0
Writer,https://www.1tamilmv.cloud/index.php?/forums/topic/163064-0
Seththumaan,https://www.1tamilmv.cloud/index.php?/forums/topic/163042-0
Reign of Assassins,https://www.1tamilmv.cloud/index.php?/forums/topic/163053-0
The Gray Man,https://www.1tamilmv.cloud/index.php?/forums/topic/162936-0
Mission: Impossible: Dead Reckoning Part 1,https://www.1tamilmv.cloud/index.php?/forums/topic/162862-0
Top Gun : Maverick,https://www.1tamilmv.cloud/index.php?/forums/topic/162750-0
Vikram Audio Launch,https://www.1tamilmv.cloud/index.php?/forums/topic/162814-0
Chip 'n Dale: Rescue Rangers,https://www.1tamilmv.cloud/index.php?/forums/topic/162651-0
Eliminators,https://www.1tamilmv.cloud/index.php?/forums/topic/162598-0
Morbius,https://www.1tamilmv.cloud/index.php?/forums/topic/162527-0
American Siege,https://www.1tamilmv.cloud/index.php?/forums/topic/162481-0
Memory,https://www.1tamilmv.cloud/index.php?/forums/topic/162559-0
Everything Everywhere All at Once,https://www.1tamilmv.cloud/index.php?/forums/topic/162448-0
Vikram,https://www.1tamilmv.cloud/index.php?/forums/topic/162287-0
Morbius,https://www.1tamilmv.cloud/index.php?/forums/topic/162202-0
Puzhu,https://www.1tamilmv.cloud/index.php?/forums/topic/162006-0
A Hero,https://www.1tamilmv.cloud/index.php?/forums/topic/162145-0
Thatrom Thookrom,https://www.1tamilmv.cloud/index.php?/forums/topic/118861-0
Fantastic Beasts: The Secrets of Dumbledore,https://www.1tamilmv.cloud/index.php?/forums/topic/161904-0
Fantastic Beasts: The Secrets of Dumbledore,https://www.1tamilmv.cloud/index.php?/forums/topic/161905-0
Don,https://www.1tamilmv.cloud/index.php?/forums/topic/162041-0
BEAST,https://www.1tamilmv.cloud/index.php?/forums/topic/161903-0
The Lost City,https://www.1tamilmv.cloud/index.php?/forums/topic/161875-0
Gotti,https://www.1tamilmv.cloud/index.php?/forums/topic/161759-0
Gasoline Alley,https://www.1tamilmv.cloud/index.php?/forums/topic/161703-0
"Kaalathukkum Nee Venum (From ""Vendhu Thanindhathu Kaadu"")",https://www.1tamilmv.cloud/index.php?/forums/topic/161606-0
Memory,https://www.1tamilmv.cloud/index.php?/forums/topic/161563-0
Jhund,https://www.1tamilmv.cloud/index.php?/forums/topic/161493-0
Doctor Strange in the Multiverse of Madness,https://www.1tamilmv.cloud/index.php?/forums/topic/161416-D
Seeds of Destruction,https://www.1tamilmv.cloud/index.php?/forums/topic/161135-0
The Bad Guys,https://www.1tamilmv.cloud/index.php?/forums/topic/161242-0
Uncharted,https://www.1tamilmv.cloud/index.php?/forums/topic/160989-0
Room 203,https://www.1tamilmv.cloud/index.php?/forums/topic/160987-0
The Mercenary,https://www.1tamilmv.cloud/index.php?/forums/topic/160936-0
Altered Skin,https://www.1tamilmv.cloud/index.php?/forums/topic/160881-0
Bloody Brothers,https://www.1tamilmv.cloud/index.php?/forums/topic/160843-0
Anantham,https://www.1tamilmv.cloud/index.php?/forums/topic/160647-0
Ambulance,https://www.1tamilmv.cloud/index.php?/forums/topic/160630-0
Ezra,https://www.1tamilmv.cloud/index.php?/forums/topic/160551-0
Moon Knight,https://www.1tamilmv.cloud/index.php?/forums/topic/160461-0
Kaarmegam / Gaalivaana,https://www.1tamilmv.cloud/index.php?/forums/topic/160164-0
The Batman,https://www.1tamilmv.cloud/index.php?/forums/topic/160319-0
"22) Tamil v3 HDTS - [1080p & 720p - x264 - 2.2GB & 1.1GB | x264 - 400MB]

Krishnam Vande Jagadgurum",https://www.1tamilmv.cloud/index.php?/forums/topic/160404-0
Fantastic Beasts 3: The Secrets of Dumbledore,https://www.1tamilmv.cloud/index.php?/forums/topic/160403-0
Counter Attack,https://www.1tamilmv.cloud/index.php?/forums/topic/160280-0
Kaarmegam / Gaalivaana,https://www.1tamilmv.cloud/index.php?/forums/topic/160164-0
Mai,https://www.1tamilmv.cloud/index.php?/forums/topic/160119-0
The Cellar,https://www.1tamilmv.cloud/index.php?/forums/topic/160205-0
